USE project_basdat;
-- Data PENGIRIM (20 baris)
INSERT INTO Pengirim (id_pengirim, nama_pengirim, alamat_pengirim, no_telepon_pengirim) VALUES
('R001','Budi Santoso','Jl. Malioboro 12, Yogyakarta','081234567801'),
('R002','Andi Pratama','Jl. Diponegoro 5, Semarang','081234567802'),
('R003','Siti Nurhaliza','Jl. Slamet Riyadi 8, Surakarta','081234567803'),
('R004','Rina Wulandari','Jl. Sudirman 15, Jakarta','081234567804'),
('R005','Agus Salim','Jl. Ahmad Yani 21, Surabaya','081234567805'),
('R006','Dewi Lestari','Jl. Gatot Subroto 7, Bandung','081234567806'),
('R007','Eko Saputra','Jl. Pemuda 19, Malang','081234567807'),
('R008','Fajar Nugroho','Jl. Merdeka 4, Bogor','081234567808'),
('R009','Linda Sari','Jl. Veteran 11, Denpasar','081234567809'),
('R010','Rudi Hartono','Jl. Kartini 3, Bekasi','081234567810'),
('R011','Yuni Astuti','Jl. Hasanuddin 9, Makassar','081234567811'),
('R012','Doni Wijaya','Jl. Imam Bonjol 17, Tangerang','081234567812'),
('R013','Fitri Handayani','Jl. Cendrawasih 25, Pontianak','081234567813'),
('R014','Ahmad Fauzi','Jl. Anggrek 13, Palembang','081234567814'),
('R015','Nur Aini','Jl. Melati 6, Pekanbaru','081234567815'),
('R016','Hendra Gunawan','Jl. Kenanga 10, Medan','081234567816'),
('R017','Maya Putri','Jl. Dahlia 5, Batam','081234567817'),
('R018','Rizky Kurniawan','Jl. Pahlawan 18, Balikpapan','081234567818'),
('R019','Tina Marlina','Jl. Rajawali 14, Samarinda','081234567819'),
('R020','Bayu Prakoso','Jl. Mawar 2, Cirebon','081234567820');

-- Data PENERIMA (20 baris)
INSERT INTO Penerima (id_penerima, nama_penerima, alamat_penerima, no_telepon_penerima) VALUES
('P001','Nadia Putri','Jl. Teratai 1, Jakarta','082111111111'),
('P002','Arif Rahman','Jl. Kenari 2, Bandung','082111111112'),
('P003','Dian Lestari','Jl. Flamboyan 3, Surabaya','082111111113'),
('P004','Teguh Prasetyo','Jl. Mangga 4, Semarang','082111111114'),
('P005','Vina Maharani','Jl. Rambutan 5, Yogyakarta','082111111115'),
('P006','Farhan Akbar','Jl. Durian 6, Solo','082111111116'),
('P007','Lia Anggraini','Jl. Nangka 7, Surabaya','082111111117'),
('P008','Rio Saputra','Jl. Jambu 8, Jakarta','082111111118'),
('P009','Salsa Nabila','Jl. Cempaka 9, Mataram','082111111119'),
('P010','Aldi Firmansyah','Jl. Cemara 10, Jakarta','082111111120'),
('P011','Nina Karlina','Jl. Pinus 11, Parepare','082111111121'),
('P012','Yoga Pratama','Jl. Beringin 12, Jakarta','082111111122'),
('P013','Putri Ayu','Jl. Akasia 13, Medan','082111111123'),
('P014','Reza Maulana','Jl. Angsana 14, Jambi','082111111124'),
('P015','Mila Safitri','Jl. Kamboja 15, Padang','082111111125'),
('P016','Dika Saputra','Jl. Wijaya Kusuma 16, Batam','082111111126'),
('P017','Anisa Rahma','Jl. Sawo 17, Pontianak','082111111127'),
('P018','Fikri Ramadhan','Jl. Kelapa 18, Samarinda','082111111128'),
('P019','Wulan Sari','Jl. Asoka 19, Balikpapan','082111111129'),
('P020','Galih Nugraha','Jl. Melur 20, Jakarta','082111111130');

-- Data KURIR (20 baris)
INSERT INTO Kurir (id_kurir, nama_kurir, no_telepon_kurir, jenis_kendaraan, plat_nomor, status_kurir) VALUES
('K001','Eko Saputra','083222222211','Motor','AB1234AA','Tersedia'),
('K002','Doni Wijaya','083222222212','Motor','AB1235AA','Bertugas'),
('K003','Fajar Nugroho','083222222213','Mobil','AB1236AA','Tersedia'),
('K004','Rian Kurnia','083222222214','Motor','AB1237AA','Tersedia'),
('K005','Hadi Setiawan','083222222215','Mobil','AB1238AA','Bertugas'),
('K006','Taufik Hidayat','083222222216','Motor','AB1239AA','Tersedia'),
('K007','Bagus Pratama','083222222217','Motor','AB1240AA','Tersedia'),
('K008','Iqbal Ramadhan','083222222218','Mobil','AB1241AA','Bertugas'),
('K009','Rizal Maulana','083222222219','Motor','AB1242AA','Tersedia'),
('K010','Agung Saputra','083222222210','Motor','AB1243AA','Tersedia'),
('K011','Andika Putra','083222222111','Mobil','AB1244AA','Tersedia'),
('K012','Feri Kurniawan','083222222112','Motor','AB1245AA','Bertugas'),
('K013','Ardiansyah','083222222113','Motor','AB1246AA','Tersedia'),
('K014','Yusuf Hamdani','083222222114','Mobil','AB1247AA','Bertugas'),
('K015','Dimas Prakoso','083222222115','Motor','AB1248AA','Tersedia'),
('K016','Ilham Saputra','083222222116','Motor','AB1249AA','Tersedia'),
('K017','Mochammad Aldi','083222222117','Mobil','AB1250AA','Bertugas'),
('K018','Bambang Setiawan','083222222118','Motor','AB1251AA','Tersedia'),
('K019','Wahyu Nugroho','083222222119','Motor','AB1252AA','Bertugas'),
('K020','Rendy Pratama','083222222220','Mobil','AB1253AA','Tersedia');

-- Data RUTE (20 baris)
INSERT INTO Rute (id_rute, kota_asal, kota_tujuan, jarak_km, estimasi_hari_rute) VALUES
('RT001','Yogyakarta','Jakarta',560,2),
('RT002','Semarang','Bandung',420,1),
('RT003','Surakarta','Surabaya',330,1),
('RT004','Jakarta','Semarang',450,1),
('RT005','Surabaya','Yogyakarta',390,1),
('RT006','Bandung','Solo',350,1),
('RT007','Malang','Surabaya',90,1),
('RT008','Bogor','Jakarta',60,1),
('RT009','Denpasar','Mataram',200,1),
('RT010','Bekasi','Jakarta',30,1),
('RT011','Makassar','Parepare',180,1),
('RT012','Tangerang','Jakarta',30,1),
('RT013','Pontianak','Medan',850,2),
('RT014','Palembang','Jambi',240,1),
('RT015','Pekanbaru','Padang',270,1),
('RT016','Medan','Batam',1200,3),
('RT017','Batam','Pontianak',1400,3),
('RT018','Balikpapan','Samarinda',130,1),
('RT019','Samarinda','Balikpapan',130,1),
('RT020','Cirebon','Jakarta',220,1);

-- Data JENIS LAYANAN (20 baris)
INSERT INTO Jenis_Layanan (id_layanan, nama_layanan, estimasi_hari_layanan, biaya_tambahan) VALUES
('LY001','Reguler',5,0),
('LY002','Express',3,5000),
('LY003','Same Day',1,15000),
('LY004','Next Day',2,10000),
('LY005','Cargo Darat',7,0),
('LY006','Cargo Laut',14,0),
('LY007','Cargo Udara',3,25000),
('LY008','Ekonomi',8,0),
('LY009','Premium',2,12000),
('LY010','Super Express',1,20000),
('LY011','Frozen Food',2,18000),
('LY012','Dokumen Kilat',1,10000),
('LY013','Elektronik Aman',3,15000),
('LY014','Barang Pecah Belah',4,17000),
('LY015','Heavy Package',5,12000),
('LY016','Logistik Bisnis',4,8000),
('LY017','E-Commerce Reguler',5,3000),
('LY018','E-Commerce Express',2,7000),
('LY019','Layanan Prioritas',1,25000),
('LY020','Internasional',10,50000);

-- Data TARIF (20 baris)
INSERT INTO Tarif (id_tarif, id_rute, id_layanan, tarif_per_kg, biaya_dasar) VALUES
('T001','RT001','LY001',5000,10000),
('T002','RT002','LY002',5000,10000),
('T003','RT003','LY003',4500,10000),
('T004','RT004','LY004',5000,10000),
('T005','RT005','LY005',5000,10000),
('T006','RT006','LY006',4500,10000),
('T007','RT007','LY007',7000,15000),
('T008','RT008','LY008',7000,15000),
('T009','RT009','LY009',6500,15000),
('T010','RT010','LY010',6500,15000),
('T011','RT011','LY011',10000,25000),
('T012','RT012','LY012',10000,25000),
('T013','RT013','LY013',11000,25000),
('T014','RT014','LY014',11000,25000),
('T015','RT015','LY015',7000,15000),
('T016','RT016','LY016',12000,25000),
('T017','RT017','LY017',13000,30000),
('T018','RT018','LY018',14000,30000),
('T019','RT019','LY019',12000,30000),
('T020','RT020','LY020',8000,15000);

-- Data STATUS PENGIRIMAN (5 baris)
INSERT INTO Status_Pengiriman (id_status, nama_status) VALUES
('ST001','Paket Diterima'),
('ST002','Dalam Transit'),
('ST003','Delivered'),
('ST004','Paket Diproses'),
('ST005','Dalam Perjalanan');

-- Data PAKET (20 baris)
INSERT INTO Paket (id_paket, nomor_resi, tanggal_pengiriman, jenis_barang, nilai_barang, total_biaya, berat_barang, id_pengirim, id_penerima, id_kurir, id_rute, id_layanan, id_tarif, id_status) VALUES
('PK001','LGT260001','2026-01-06','Laptop',8500000,20000,2,'R001','P001','K001','RT001','LY001','T001','ST003'),
('PK002','LGT260002','2026-01-06','Sepatu',700000,20000,1,'R002','P002','K002','RT002','LY002','T002','ST003'),
('PK003','LGT260003','2026-01-06','Buku',250000,38500,3,'R003','P003','K003','RT003','LY003','T003','ST003'),
('PK004','LGT260004','2026-02-06','Tas',500000,30000,2,'R004','P004','K004','RT004','LY004','T004','ST003'),
('PK005','LGT260005','2026-02-06','Pakaian',350000,15000,1,'R005','P005','K005','RT005','LY005','T005','ST003'),
('PK006','LGT260006','2026-02-06','Mainan',450000,19000,2,'R006','P006','K006','RT006','LY006','T006','ST003'),
('PK007','LGT260007','2026-03-06','Handphone',4000000,47000,1,'R007','P007','K007','RT007','LY007','T007','ST003'),
('PK008','LGT260008','2026-03-06','Aksesoris',150000,22000,1,'R008','P008','K008','RT008','LY008','T008','ST003'),
('PK009','LGT260009','2026-03-06','Kosmetik',300000,40000,2,'R009','P009','K009','RT009','LY009','T009','ST003'),
('PK010','LGT260010','2026-04-06','Dokumen',100000,41500,1,'R010','P010','K010','RT010','LY010','T010','ST003'),
('PK011','LGT260011','2026-04-06','Laptop Gaming',9500000,73000,3,'R011','P011','K011','RT011','LY011','T011','ST003'),
('PK012','LGT260012','2026-04-06','Kamera',5000000,55000,2,'R012','P012','K012','RT012','LY012','T012','ST003'),
('PK013','LGT260013','2026-05-06','Printer',2500000,95000,5,'R013','P013','K013','RT013','LY013','T013','ST003'),
('PK014','LGT260014','2026-05-06','Monitor',3000000,86000,4,'R014','P014','K014','RT014','LY014','T014','ST003'),
('PK015','LGT260015','2026-05-06','Helm',750000,41000,2,'R015','P015','K015','RT015','LY015','T015','ST003'),
('PK016','LGT260016','2026-06-06','TV LED',6000000,117000,7,'R016','P016','K016','RT016','LY016','T016','ST003'),
('PK017','LGT260017','2026-06-06','Sparepart Motor',1500000,111000,6,'R017','P017','K017','RT017','LY017','T017','ST003'),
('PK018','LGT260018','2026-06-06','Mesin Jahit',2200000,149000,8,'R018','P018','K018','RT018','LY018','T018','ST003'),
('PK019','LGT260019','2026-07-06','Peralatan Dapur',1200000,115000,5,'R019','P019','K019','RT019','LY019','T019','ST003'),
('PK020','LGT260020','2026-07-06','Jam Tangan',850000,73000,1,'R020','P020','K020','RT020','LY020','T020','ST003');

-- Data PEMBAYARAN (20 baris)
INSERT INTO Pembayaran (id_pembayaran, id_paket, jumlah_dibayar, metode_pembayaran, tgl_pembayaran, status_pembayaran) VALUES
('PB001','PK001',8520000,'Transfer Bank','2026-06-01','Lunas'),
('PB002','PK002',720000,'QRIS','2026-06-01','Lunas'),
('PB003','PK003',288500,'Transfer Bank','2026-06-01','Lunas'),
('PB004','PK004',530000,'Tunai','2026-06-02','Lunas'),
('PB005','PK005',365000,'QRIS','2026-06-02','Lunas'),
('PB006','PK006',469000,'Transfer Bank','2026-06-02','Lunas'),
('PB007','PK007',4047000,'QRIS','2026-06-03','Lunas'),
('PB008','PK008',172000,'Transfer Bank','2026-06-03','Lunas'),
('PB009','PK009',340000,'Tunai','2026-06-03','Lunas'),
('PB010','PK010',141500,'QRIS','2026-06-04','Lunas'),
('PB011','PK011',9573000,'Transfer Bank','2026-06-04','Lunas'),
('PB012','PK012',5055000,'QRIS','2026-06-04','Lunas'),
('PB013','PK013',2595000,'Transfer Bank','2026-06-05','Lunas'),
('PB014','PK014',3086000,'Transfer Bank','2026-06-05','Lunas'),
('PB015','PK015',791000,'Tunai','2026-06-05','Lunas'),
('PB016','PK016',6117000,'Transfer Bank','2026-06-06','Lunas'),
('PB017','PK017',1611000,'QRIS','2026-06-06','Lunas'),
('PB018','PK018',2349000,'Transfer Bank','2026-06-06','Lunas'),
('PB019','PK019',1315000,'Tunai','2026-06-07','Lunas'),
('PB020','PK020',923000,'QRIS','2026-06-07','Lunas');

-- Data RIWAYAT TRACKING (42 baris)
INSERT INTO Riwayat_Tracking (id_tracking, id_paket, id_status, waktu) VALUES
('TR001','PK001','ST001','2026-06-01 08:00:00'),
('TR002','PK001','ST002','2026-06-02 10:00:00'),
('TR003','PK001','ST003','2026-06-03 14:00:00'),
('TR004','PK002','ST004','2026-06-01 09:00:00'),
('TR005','PK002','ST002','2026-06-02 08:00:00'),
('TR006','PK002','ST003','2026-06-03 16:00:00'),
('TR007','PK003','ST005','2026-06-01 10:00:00'),
('TR008','PK003','ST003','2026-06-01 18:00:00'),
('TR009','PK004','ST001','2026-06-02 08:00:00'),
('TR010','PK004','ST003','2026-06-03 09:00:00'),
('TR011','PK005','ST004','2026-06-02 09:00:00'),
('TR012','PK005','ST003','2026-06-05 14:00:00'),
('TR013','PK006','ST005','2026-06-02 10:00:00'),
('TR014','PK006','ST003','2026-06-10 08:00:00'),
('TR015','PK007','ST001','2026-06-03 08:00:00'),
('TR016','PK007','ST003','2026-06-04 12:00:00'),
('TR017','PK008','ST004','2026-06-03 09:00:00'),
('TR018','PK008','ST003','2026-06-06 10:00:00'),
('TR019','PK009','ST005','2026-06-03 10:00:00'),
('TR020','PK009','ST003','2026-06-04 16:00:00'),
('TR021','PK010','ST001','2026-06-04 15:00:00'),
('TR022','PK010','ST003','2026-06-04 18:00:00'),
('TR023','PK011','ST001','2026-06-04 08:00:00'),
('TR024','PK011','ST003','2026-06-05 14:00:00'),
('TR025','PK012','ST004','2026-06-04 09:00:00'),
('TR026','PK012','ST003','2026-06-06 11:00:00'),
('TR027','PK013','ST005','2026-06-05 10:00:00'),
('TR028','PK013','ST003','2026-06-07 16:00:00'),
('TR029','PK014','ST001','2026-06-05 15:00:00'),
('TR030','PK014','ST003','2026-06-08 10:00:00'),
('TR031','PK015','ST001','2026-06-05 08:00:00'),
('TR032','PK015','ST003','2026-06-07 12:00:00'),
('TR033','PK016','ST004','2026-06-06 09:00:00'),
('TR034','PK016','ST003','2026-06-09 14:00:00'),
('TR035','PK017','ST005','2026-06-06 10:00:00'),
('TR036','PK017','ST003','2026-06-10 08:00:00'),
('TR037','PK018','ST001','2026-06-06 15:00:00'),
('TR038','PK018','ST003','2026-06-10 12:00:00'),
('TR039','PK019','ST005','2026-06-07 11:00:00'),
('TR040','PK019','ST003','2026-06-09 18:00:00'),
('TR041','PK020','ST001','2026-06-07 16:00:00'),
('TR042','PK020','ST003','2026-06-12 09:00:00');